"client_id","first_name","last_name","email","phone","created_at"
1,"Ayse","Yilmaz","ayse.yilmaz1@mail.com","05010000001","2025-12-20 21:35:24.001297"
2,"Mehmet","Kaya","mehmet.kaya1@mail.com","05010000002","2025-12-20 21:35:24.001297"
3,"Elif","Demir","elif.demir1@mail.com","05010000003","2025-12-20 21:35:24.001297"
4,"Ahmet","Celik","ahmet.celik1@mail.com","05010000004","2025-12-20 21:35:24.001297"
5,"Zeynep","Sahin","zeynep.sahin1@mail.com","05010000005","2025-12-20 21:35:24.001297"
6,"Ali","Yildiz","ali.yildiz1@mail.com","05010000006","2025-12-20 21:35:24.001297"
7,"Fatma","Aydin","fatma.aydin1@mail.com","05010000007","2025-12-20 21:35:24.001297"
8,"Can","Arslan","can.arslan1@mail.com","05010000008","2025-12-20 21:35:24.001297"
9,"Selin","Koc","selin.koc1@mail.com","05010000009","2025-12-20 21:35:24.001297"
10,"Mert","Ozdemir","mert.ozdemir1@mail.com","05010000010","2025-12-20 21:35:24.001297"
11,"Burcu","Erdogan","burcu.erdogan1@mail.com","05010000011","2025-12-20 21:35:24.001297"
12,"Emre","Tas","emre.tas1@mail.com","05010000012","2025-12-20 21:35:24.001297"
13,"Ceren","Polat","ceren.polat1@mail.com","05010000013","2025-12-20 21:35:24.001297"
14,"Kerem","Aksoy","kerem.aksoy1@mail.com","05010000014","2025-12-20 21:35:24.001297"
15,"Ece","Gunes","ece.gunes1@mail.com","05010000015","2025-12-20 21:35:24.001297"
16,"Onur","Kaplan","onur.kaplan1@mail.com","05010000016","2025-12-20 21:35:24.001297"
17,"Derya","Eren","derya.eren1@mail.com","05010000017","2025-12-20 21:35:24.001297"
18,"Umut","Bozkurt","umut.bozkurt1@mail.com","05010000018","2025-12-20 21:35:24.001297"
19,"Pelin","Altin","pelin.altin1@mail.com","05010000019","2025-12-20 21:35:24.001297"
20,"Ozan","Demirtas","ozan.demirtas1@mail.com","05010000020","2025-12-20 21:35:24.001297"
21,"Seda","Acar","seda.acar1@mail.com","05010000021","2025-12-20 21:35:24.001297"
22,"Berk","Sari","berk.sari1@mail.com","05010000022","2025-12-20 21:35:24.001297"
23,"Naz","Karaca","naz.karaca1@mail.com","05010000023","2025-12-20 21:35:24.001297"
24,"Tolga","Gul","tolga.gul1@mail.com","05010000024","2025-12-20 21:35:24.001297"
25,"Hande","Toprak","hande.toprak1@mail.com","05010000025","2025-12-20 21:35:24.001297"
26,"Serkan","Kurt","serkan.kurt1@mail.com","05010000026","2025-12-20 21:35:24.001297"
27,"Asli","Uysal","asli.uysal1@mail.com","05010000027","2025-12-20 21:35:24.001297"
28,"Baran","Coban","baran.coban1@mail.com","05010000028","2025-12-20 21:35:24.001297"
29,"Irem","Kilic","irem.kilic1@mail.com","05010000029","2025-12-20 21:35:24.001297"
30,"Eren","Simsek","eren.simsek1@mail.com","05010000030","2025-12-20 21:35:24.001297"
31,"Buse","Yavuz","buse.yavuz1@mail.com","05010000031","2025-12-20 21:35:24.001297"
32,"Kaan","Ozturk","kaan.ozturk1@mail.com","05010000032","2025-12-20 21:35:24.001297"
33,"Melis","Dogan","melis.dogan1@mail.com","05010000033","2025-12-20 21:35:24.001297"
34,"Hakan","Peker","hakan.peker1@mail.com","05010000034","2025-12-20 21:35:24.001297"
35,"Nil","Gok","nil.gok1@mail.com","05010000035","2025-12-20 21:35:24.001297"
36,"Furkan","Saglam","furkan.saglam1@mail.com","05010000036","2025-12-20 21:35:24.001297"
37,"Deniz","Avci","deniz.avci1@mail.com","05010000037","2025-12-20 21:35:24.001297"
38,"Ebru","Keskin","ebru.keskin1@mail.com","05010000038","2025-12-20 21:35:24.001297"
39,"Murat","Bayram","murat.bayram1@mail.com","05010000039","2025-12-20 21:35:24.001297"
40,"Sinem","Orhan","sinem.orhan1@mail.com","05010000040","2025-12-20 21:35:24.001297"
41,"Volkan","Isik","volkan.isik1@mail.com","05010000041","2025-12-20 21:35:24.001297"
42,"Cansu","Er","cansu.er1@mail.com","05010000042","2025-12-20 21:35:24.001297"
43,"Yusuf","Korkmaz","yusuf.korkmaz1@mail.com","05010000043","2025-12-20 21:35:24.001297"
44,"Gizem","Ates","gizem.ates1@mail.com","05010000044","2025-12-20 21:35:24.001297"
45,"Serhat","Bulut","serhat.bulut1@mail.com","05010000045","2025-12-20 21:35:24.001297"
46,"Leyla","Cakir","leyla.cakir1@mail.com","05010000046","2025-12-20 21:35:24.001297"
47,"Kubilay","Mutlu","kubilay.mutlu1@mail.com","05010000047","2025-12-20 21:35:24.001297"
48,"Esra","Sen","esra.sen1@mail.com","05010000048","2025-12-20 21:35:24.001297"
49,"Harun","Yigit","harun.yigit1@mail.com","05010000049","2025-12-20 21:35:24.001297"
50,"Nisa","Tasci","nisa.tasci1@mail.com","05010000050","2025-12-20 21:35:24.001297"
